SCORE,dummy,none,arm_neon
"BeyondSN.vgm",0.235000,23.964000,12.382000
"bmf1_1.ref",0.448000,40.540000,23.893000
"bmf1_2.ref",0.439000,39.252000,23.368000
"crusader.raw",0.352000,30.499000,18.735000
"doofus.dro",0.625000,59.484000,37.468000
"dro_v2.dro",0.820000,79.142000,45.182000
"dystopia.ref",1.190000,111.587000,60.619000
"GALWAY.ref",0.300000,29.206000,15.615000
"inc.raw",0.120000,10.472000,6.296000
"loudness.ref",0.023000,1.978000,1.179000
