SCORE,dummy,none,arm_neon
"BeyondSN.vgm",0.076017,7.737659,2.811513
"bmf1_1.ref",0.146062,14.089469,5.268482
"bmf1_2.ref",0.142800,13.359588,5.147929
"crusader.raw",0.114323,10.722416,4.119310
"doofus.dro",0.210133,21.032906,8.351923
"dro_v2.dro",0.282348,27.369149,10.219190
"dystopia.ref",0.396055,36.095204,13.373861
"GALWAY.ref",0.096829,9.003890,3.521635
"inc.raw",0.038078,3.576043,1.386682
"loudness.ref",0.007435,0.682634,0.261767
